year,name,college,position,height_in,weight_lbs,40yards,vert_leap_in,broad_jump_in,shuttle,3cone,hasstats,cmp,att,pct,yds,td,int,rate,heisman,bling,awards,allamerican,drafted
2007,zac taylor,Nebraska,QB,74.38,216,5.08,30.5,110.0,4.6,7.39,,471.0,822.0,57.3,5853.0,45.0,20.0,130.3,0.0,1.0,1.0,0.0,N
2010,zac robinson,Oklahoma State,QB,74.5,214,4.68,35.0,110.0,4.4,7.24,,610.0,999.0,61.1,8317.0,66.0,31.0,146.6,0.0,0.0,0.0,0.0,Y
2013,zac dysert,Miami (OH),QB,75.0,227,4.81,,,,,,1066.0,1672.0,63.8,12013.0,73.0,51.0,132.4,0.0,0.0,0.0,0.0,Y
1997,wally richardson,Penn State,QB,76.4,221,4.95,31.0,109.0,4.47,7.97,,378.0,692.0,54.6,4419.0,27.0,14.0,117.1,0.0,0.0,0.0,0.0,Y
2006,vince young,Texas,QB,76.6,229,4.48,,,,,,444.0,718.0,61.8,6040.0,44.0,28.0,144.9,0.0,1.0,1.0,1.0,Y
2016,vernon adams,Oregon,QB,70.88,200,4.83,29.5,114.0,4.2,6.82,,168.0,259.0,64.9,2643.0,26.0,6.0,179.1,0.0,0.0,0.0,0.0,N
2011,tyrod taylor,Virginia Tech,QB,72.75,217,4.47,37.5,126.0,4.09,6.78,,495.0,865.0,57.2,7017.0,44.0,20.0,137.5,0.0,1.0,1.0,0.0,Y
2013,tyler wilson,Arkansas,QB,74.0,215,4.95,28.5,112.0,4.39,7.22,,593.0,948.0,62.6,7765.0,52.0,26.0,144.0,0.0,0.0,0.0,0.0,Y
2007,tyler palko,Pittsburgh,QB,73.38,215,4.88,31.5,112.0,4.36,7.05,,645.0,1075.0,60.0,8343.0,66.0,25.0,140.8,0.0,0.0,0.0,0.0,N
2012,tyler hansen,Colorado,QB,73.0,218,4.85,,,,,,506.0,872.0,58.0,5705.0,35.0,28.0,119.8,0.0,0.0,0.0,0.0,N
2013,tyler bray,Tennessee,QB,78.13,232,5.05,,100.0,4.51,7.2,,540.0,922.0,58.6,7444.0,69.0,28.0,145.0,0.0,0.0,0.0,0.0,N
2016,trevone boykin,Texas Christian,QB,72.0,212,4.77,32.0,110.0,4.4,,,829.0,1355.0,61.2,10727.0,86.0,37.0,143.2,0.0,1.0,1.0,0.0,N
2007,trent edwards,Stanford,QB,76.13,231,4.78,,,4.46,7.14,,487.0,865.0,56.3,5429.0,36.0,33.0,115.1,0.0,0.0,0.0,0.0,Y
2006,travis lulay,Montana State,QB,74.38,216,4.74,35.0,111.0,4.07,6.93,,,,,,,,,0.0,0.0,0.0,0.0,N
2000,travis brown,Northern Arizona,QB,75.5,218,5.03,29.0,101.0,4.87,7.54,,,,,,,,,0.0,0.0,0.0,0.0,N
2003,tony romo,Eastern Illinois,QB,74.0,230,5.01,30.0,105.0,4.2,7.11,,,,,,,,,0.0,1.0,1.0,1.0,Y
2010,tony pike,Cincinnati,QB,77.75,223,4.9,28.5,108.0,4.53,7.06,,421.0,682.0,61.7,5018.0,49.0,20.0,141.4,0.0,0.0,0.0,0.0,Y
2014,tom savage,Pittsburgh,QB,75.88,228,4.97,27.0,104.0,4.36,7.33,,430.0,757.0,56.8,5690.0,37.0,19.0,131.1,0.0,0.0,0.0,0.0,Y
2009,tom brandstater,Fresno State (CA),QB,77.0,220,4.87,28.5,106.0,4.37,6.93,,584.0,989.0,59.0,6857.0,47.0,32.0,126.5,0.0,0.0,0.0,0.0,Y
2000,tom brady,Michigan,QB,76.4,211,5.3,24.5,99.0,4.38,7.2,,395.0,638.0,61.9,4773.0,30.0,17.0,134.9,0.0,0.0,0.0,0.0,Y
2000,todd husak,Stanford,QB,75.1,216,5.22,27.5,99.0,4.41,7.17,,465.0,872.0,53.3,6564.0,41.0,24.0,126.6,0.0,0.0,0.0,0.0,Y
1999,todd bandhauer,Iowa State,QB,75.0,236,5.26,31.0,103.0,4.61,7.66,,404.0,826.0,48.9,5234.0,40.0,35.0,109.6,0.0,0.0,0.0,0.0,N
2007,toby korrodi,Central Missouri,QB,75.5,234,5.37,25.0,91.0,4.64,7.77,,,,,,,,,0.0,0.0,0.0,0.0,N
2005,timmy chang,Hawaii,QB,73.0,211,5.1,29.0,103.0,4.2,7.24,,1388.0,2436.0,57.0,17072.0,117.0,80.0,125.1,0.0,0.0,0.0,0.0,N
2010,tim tebow,Florida,QB,75.0,236,4.71,38.5,115.0,4.17,6.66,,661.0,995.0,66.4,9285.0,88.0,16.0,170.8,1.0,1.0,1.0,1.0,Y
2000,tim rattay,Louisiana Tech,QB,72.5,215,4.93,25.5,100.0,4.21,7.34,,1015.0,1552.0,65.4,12746.0,115.0,35.0,154.3,0.0,0.0,0.0,0.0,Y
2000,tim lester,Western Michigan,QB,72.4,202,5.05,27.0,97.0,4.24,7.28,,875.0,1507.0,58.1,11299.0,87.0,49.0,133.6,0.0,0.0,0.0,0.0,N
2010,tim hiller,Western Michigan,QB,76.0,229,4.97,32.5,118.0,4.54,7.1,,1013.0,1608.0,63.0,11329.0,99.0,41.0,137.4,0.0,0.0,0.0,0.0,N
2001,tim hasselbeck,Boston College,QB,73.0,211,4.83,33.0,113.0,4.4,7.27,,278.0,501.0,55.5,3890.0,29.0,16.0,133.4,0.0,0.0,0.0,0.0,N
1999,tim couch,Kentucky,QB,76.1,225,5.08,31.0,,4.34,,,795.0,1184.0,67.1,8435.0,74.0,35.0,141.7,0.0,1.0,1.0,1.0,Y
2010,thaddeus lewis,Duke,QB,72.5,215,4.84,28.0,107.0,,,,877.0,1510.0,58.1,10065.0,67.0,40.0,123.4,0.0,0.0,0.0,0.0,N
1998,thad busby,Florida State,QB,74.1,223,4.97,30.5,110.0,,,,420.0,715.0,58.7,5916.0,46.0,27.0,141.9,0.0,1.0,1.0,0.0,N
2000,tee martin,Tennessee,QB,73.6,227,4.61,34.5,113.0,,,,326.0,588.0,55.4,4592.0,32.0,16.0,133.6,0.0,0.0,0.0,0.0,Y
2014,teddy bridgewater,Louisville,QB,74.13,214,,30.0,112.0,4.2,7.17,,781.0,1142.0,68.4,9817.0,72.0,24.0,157.2,0.0,1.0,1.0,0.0,Y
1999,ted white,Howard (DC),QB,74.4,226,5.14,30.5,106.0,4.51,7.5,,,,,,,,,0.0,0.0,0.0,0.0,N
2011,taylor yates,North Carolina,QB,75.0,219,5.06,29.5,104.0,4.12,6.96,,,,,,,,,0.0,0.0,0.0,0.0,N
2006,tarvaris jackson,Alabama State,QB,74.0,226,4.7,31.5,107.0,4.38,7.4,,17.0,48.0,35.4,196.0,1.0,3.0,64.1,0.0,0.0,0.0,0.0,Y
2018,tanner lee,Nebraska,QB,76.0,218,4.98,32.0,115.0,4.41,7.0,,574.0,1040.0,55.2,6744.0,46.0,37.0,117.1,0.0,0.0,0.0,0.0,Y
2014,tajh boyd,Clemson,QB,72.63,222,4.84,30.5,104.0,4.23,7.33,,901.0,1402.0,64.3,11904.0,107.0,39.0,155.2,0.0,1.0,1.0,0.0,Y
1997,steve sarkisian,Brigham Young,QB,72.4,208,4.96,30.0,104.0,4.51,8.16,,528.0,789.0,66.9,7464.0,53.0,26.0,162.0,0.0,1.0,1.0,0.0,N
2014,stephen morris,Miami (FL),QB,73.88,213,4.63,30.0,111.0,4.49,7.36,,551.0,955.0,57.7,7896.0,49.0,30.0,137.8,0.0,0.0,0.0,0.0,N
2009,stephen mcgee,Texas A&M,QB,74.88,225,4.61,33.0,112.0,4.49,7.34,,485.0,815.0,59.5,5475.0,28.0,13.0,124.1,0.0,0.0,0.0,0.0,Y
2005,stefan lefors,Louisville,QB,72.13,208,4.61,31.0,111.0,4.09,7.03,,416.0,630.0,66.0,5853.0,38.0,13.0,159.8,0.0,1.0,1.0,0.0,Y
2000,spergon wynn,Texas State,QB,75.4,229,4.95,34.0,108.0,4.59,7.71,,,,,,,,,0.0,0.0,0.0,0.0,Y
1999,shaun king,Tulane (LA),QB,72.0,221,4.77,33.0,113.0,4.29,,,669.0,1201.0,55.7,8695.0,72.0,34.0,130.6,0.0,1.0,1.0,0.0,Y
2001,shane griggs,Idaho State,QB,75.9,199,4.84,,,,,,,,,,,,,0.0,0.0,0.0,0.0,N
1998,shane fortney,Northern Iowa,QB,73.6,225,4.72,33.5,114.0,4.3,7.74,,40.0,76.0,52.6,538.0,4.0,1.0,126.8,0.0,0.0,0.0,0.0,N
2015,shane carden,East Carolina (NC),QB,73.88,218,4.94,29.5,104.0,4.45,7.17,,1052.0,1579.0,66.6,11991.0,86.0,30.0,144.6,0.0,1.0,1.0,0.0,N
2003,seneca wallace,Iowa State,QB,71.4,196,4.52,38.0,127.0,4.14,6.97,,411.0,712.0,57.7,5289.0,26.0,27.0,124.6,0.0,0.0,0.0,0.0,Y
2017,sefo liufau,Colorado,QB,75.38,232,5.08,27.0,105.0,4.45,7.32,,887.0,1412.0,62.8,9746.0,60.0,35.0,129.9,0.0,0.0,0.0,0.0,N
2015,sean mannion,Oregon State,QB,77.63,229,5.14,31.0,105.0,4.39,7.29,,1187.0,1838.0,64.6,13600.0,83.0,54.0,135.8,0.0,0.0,0.0,0.0,Y
2000,sean keenan,Williams College (MA),QB,75.0,202,5.03,25.5,95.0,4.41,7.21,,,,,,,,,0.0,0.0,0.0,0.0,N
2010,sean canfield,Oregon State,QB,75.75,223,4.93,29.5,100.0,4.39,7.26,,552.0,861.0,64.1,5970.0,38.0,26.0,130.9,0.0,0.0,0.0,0.0,Y
2011,scott tolzien,Wisconsin,QB,74.0,212,4.92,29.5,116.0,4.12,6.84,,410.0,602.0,68.1,5271.0,32.0,18.0,153.2,0.0,0.0,1.0,0.0,N
2004,scott rislov,San Jose State,QB,73.0,224,4.94,30.0,119.0,4.34,7.44,,536.0,886.0,60.5,6267.0,40.0,19.0,130.5,0.0,0.0,0.0,0.0,N
1999,scott dreisbach,Michigan,QB,75.0,216,4.78,33.0,109.0,4.27,7.06,,208.0,380.0,54.7,2920.0,15.0,12.0,126.0,0.0,0.0,0.0,0.0,N
1999,scott covington,Miami (FL),QB,74.1,219,4.67,34.0,107.0,4.42,7.62,,281.0,497.0,56.5,3862.0,26.0,15.0,133.0,0.0,0.0,0.0,0.0,Y
2008,sam keller,Nebraska,QB,75.63,241,5.03,24.0,107.0,4.35,7.07,,425.0,703.0,60.5,5440.0,40.0,21.0,138.3,0.0,0.0,0.0,0.0,N
2018,sam darnold,Southern California,QB,75.0,221,4.85,26.5,105.0,4.4,6.96,,549.0,846.0,64.9,7229.0,57.0,22.0,153.7,0.0,0.0,0.0,0.0,Y
2010,sam bradford,Oklahoma,QB,76.25,236,4.79,,,,,,604.0,893.0,67.6,8403.0,88.0,16.0,175.6,1.0,1.0,1.0,1.0,Y
2001,sage rosenfels,Iowa State,QB,76.4,228,4.77,34.0,107.0,4.29,7.07,,306.0,587.0,52.1,4164.0,18.0,26.0,113.0,0.0,0.0,0.0,0.0,Y
2012,ryan tannehill,Texas A&M,QB,75.88,221,4.65,,,,,,484.0,774.0,62.5,5450.0,42.0,21.0,134.2,0.0,0.0,0.0,0.0,Y
2013,ryan nassib,Syracuse,QB,74.13,227,5.06,28.5,105.0,4.53,7.34,,791.0,1312.0,60.3,9190.0,70.0,28.0,132.5,0.0,0.0,0.0,0.0,Y
2011,ryan mallett,Arkansas,QB,78.75,253,5.24,24.0,103.0,,,,552.0,955.0,57.8,8385.0,69.0,24.0,150.4,0.0,0.0,0.0,0.0,Y
2012,ryan lindley,San Diego State,QB,75.75,229,4.86,29.5,108.0,4.45,7.52,,961.0,1732.0,55.5,12690.0,90.0,47.0,128.8,0.0,0.0,0.0,0.0,Y
2005,ryan fitzpatrick,Harvard,QB,74.38,232,4.87,30.5,103.0,4.07,7.09,,,,,,,,,0.0,0.0,0.0,0.0,Y
2011,ryan colburn,Fresno State (CA),QB,74.75,233,5.12,,,4.28,6.84,,412.0,663.0,62.1,5334.0,42.0,20.0,144.6,0.0,0.0,0.0,0.0,N
1998,ryan clement,Miami (FL),QB,73.0,212,5.02,31.0,104.0,4.39,7.85,,443.0,747.0,59.3,6004.0,36.0,29.0,135.0,0.0,0.0,0.0,0.0,N
2012,russell wilson,Wisconsin,QB,70.63,204,4.53,34.0,118.0,4.09,6.97,,,,,,,,,0.0,0.0,0.0,0.0,Y
2002,ronald curry,North Carolina,QB,73.9,220,4.65,35.0,110.0,4.11,7.06,,345.0,695.0,49.6,4987.0,28.0,35.0,113.1,0.0,0.0,0.0,0.0,Y
1998,ron powlus,Notre Dame,QB,73.6,219,5.1,26.0,98.0,4.35,7.53,,558.0,969.0,57.6,7602.0,52.0,27.0,135.6,0.0,0.0,0.0,0.0,N
2001,romaro miller,Mississippi,QB,72.1,205,4.64,35.0,110.0,4.51,7.4,,515.0,930.0,55.4,6513.0,45.0,33.0,123.1,0.0,0.0,0.0,0.0,N
2002,rohan davey,Louisiana State,QB,74.0,245,4.74,25.5,,,,,286.0,478.0,59.8,4415.0,29.0,15.0,151.2,0.0,0.0,0.0,0.0,Y
2004,rod rutherford,Pittsburgh,QB,73.6,240,4.79,30.5,110.0,4.41,7.66,,458.0,842.0,54.4,6724.0,60.0,30.0,137.9,0.0,0.0,0.0,0.0,N
2004,robert kent III,Jackson State (MS),QB,76.3,222,4.85,26.5,110.0,4.22,7.69,,,,,,,,,0.0,0.0,0.0,0.0,N
2012,robert griffin,Baylor,QB,74.38,223,4.33,39.0,120.0,,,,800.0,1192.0,67.1,10366.0,78.0,17.0,158.9,1.0,1.0,1.0,1.0,Y
2010,riley skinner,Wake Forest,QB,72.0,214,5.05,30.0,101.0,4.29,7.04,,903.0,1349.0,66.9,9762.0,60.0,37.0,136.9,0.0,0.0,0.0,0.0,N
2018,riley ferguson,Memphis,QB,75.0,212,4.98,29.0,110.0,4.4,6.96,,579.0,917.0,63.1,7955.0,70.0,19.0,157.1,0.0,0.0,0.0,0.0,N
2011,ricky stanzi,Iowa,QB,76.38,223,4.87,32.5,110.0,4.43,6.95,,542.0,907.0,59.8,7377.0,56.0,31.0,141.6,0.0,0.0,0.0,0.0,Y
2009,rhett bomar,Sam Houston State (TX),QB,74.25,225,4.7,,106.0,4.06,6.91,,167.0,308.0,54.2,2018.0,10.0,10.0,113.5,0.0,0.0,0.0,0.0,Y
2003,rex grossman,Florida,QB,73.0,217,5.06,,,,,,677.0,1110.0,61.0,9164.0,77.0,36.0,146.7,0.0,1.0,1.0,1.0,Y
2006,reggie mcneal,Texas A&M,QB,74.0,198,4.43,32.0,121.0,4.25,6.96,,478.0,875.0,54.6,6992.0,44.0,23.0,133.1,0.0,0.0,0.0,0.0,Y
2002,randy fasani,Stanford,QB,75.4,234,4.78,31.5,106.0,3.87,6.75,,188.0,369.0,50.9,2973.0,25.0,11.0,135.0,0.0,0.0,0.0,0.0,Y
2006,quinton porter,Boston College,QB,76.63,233,4.72,33.5,116.0,4.1,6.76,,290.0,484.0,59.9,3203.0,23.0,14.0,125.4,0.0,0.0,0.0,0.0,N
2018,quinton flowers,South Florida,QB,70.0,214,4.63,,112.0,4.57,6.81,,565.0,980.0,57.7,8124.0,71.0,23.0,146.5,0.0,1.0,1.0,0.0,N
2001,quincy carter,Georgia,QB,74.1,225,4.61,35.5,113.0,4.12,7.12,,483.0,853.0,56.6,6447.0,35.0,25.0,127.8,0.0,0.0,0.0,0.0,Y
2004,philip rivers,North Carolina State,QB,77.0,229,5.08,,,,,,1087.0,1710.0,63.6,13484.0,95.0,34.0,144.2,0.0,1.0,1.0,0.0,Y
2016,paxton lynch,Memphis,QB,78.63,244,4.86,36.0,118.0,4.26,7.14,,758.0,1205.0,62.9,8863.0,59.0,23.0,137.0,0.0,0.0,0.0,0.0,Y
2008,paul smith,Tulsa (OK),QB,73.25,208,4.97,26.5,111.0,4.29,7.02,,808.0,1292.0,62.5,10936.0,83.0,35.0,149.4,0.0,1.0,1.0,0.0,N
2006,paul pinegar,Fresno State (CA),QB,76.88,232,5.14,29.0,110.0,4.49,7.36,,842.0,1405.0,59.9,10136.0,84.0,49.0,133.3,0.0,0.0,0.0,0.0,N
1998,paul kaiser,Central Missouri,QB,74.6,211,4.78,34.5,114.0,4.04,7.25,,,,,,,,,0.0,0.0,0.0,0.0,N
2012,patrick witt,Yale,QB,76.0,225,5.08,31.5,101.0,4.37,7.14,,6.0,8.0,75.0,48.0,0.0,0.0,125.4,0.0,0.0,0.0,0.0,N
2002,patrick ramsey,Tulane (LA),QB,74.5,219,5.24,33.5,111.0,4.09,7.12,,798.0,1355.0,58.9,9205.0,72.0,51.0,126.0,0.0,0.0,0.0,0.0,Y
2017,patrick mahomes,Texas Tech,QB,74.13,225,4.8,30.0,114.0,4.08,6.88,,857.0,1349.0,63.5,11252.0,93.0,29.0,152.0,0.0,0.0,1.0,0.0,Y
2009,pat white,West Virginia,QB,72.25,197,4.55,35.0,117.0,4.42,7.06,,507.0,783.0,64.8,6049.0,56.0,23.0,147.4,0.0,1.0,1.0,0.0,Y
2011,pat devlin,Delaware,QB,75.38,225,4.81,33.0,116.0,4.32,7.08,,25.0,48.0,52.1,459.0,4.0,0.0,159.9,0.0,0.0,0.0,0.0,N
1999,oscar davenport,North Carolina,QB,75.5,199,4.89,31.0,103.0,4.82,7.5,,251.0,419.0,59.9,3090.0,18.0,8.0,132.2,0.0,0.0,0.0,0.0,N
2001,ortege jenkins,Arizona,QB,72.6,234,4.83,34.5,108.0,4.4,7.32,,387.0,769.0,50.3,5409.0,42.0,26.0,120.7,0.0,0.0,0.0,0.0,N
2006,omar jacobs,Bowling Green (OH),QB,75.88,232,4.86,32.5,108.0,4.29,7.47,,523.0,811.0,64.5,6938.0,71.0,11.0,162.5,0.0,1.0,1.0,0.0,Y
2012,nick foles,Arizona,QB,77.0,243,5.03,30.5,112.0,,,,938.0,1404.0,66.8,10068.0,67.0,33.0,138.1,0.0,0.0,0.0,0.0,Y
2018,nic shimonek,Texas Tech,QB,75.0,220,4.88,28.5,101.0,4.32,7.28,,367.0,553.0,66.4,4445.0,39.0,11.0,153.2,0.0,0.0,0.0,0.0,N
2017,nathan peterman,Pittsburgh,QB,74.63,226,4.82,31.0,110.0,4.31,7.14,,398.0,662.0,60.1,5236.0,47.0,17.0,144.9,0.0,0.0,0.0,0.0,Y
2011,nathan enderle,Idaho,QB,76.13,240,5.12,25.5,102.0,4.46,7.13,,779.0,1427.0,54.6,10084.0,74.0,60.0,122.7,0.0,0.0,0.0,0.0,Y
2009,nathan brown,Central Arkansas,QB,72.63,219,4.86,30.5,106.0,4.44,7.43,,,,,,,,,0.0,0.0,0.0,0.0,N
2016,nate sudfeld,Indiana,QB,78.13,234,,29.0,105.0,,,,593.0,983.0,60.3,7879.0,61.0,20.0,144.1,0.0,0.0,0.0,0.0,Y
2009,nate davis,Ball State (IN),QB,73.38,226,4.95,26.5,99.0,,,,678.0,1124.0,60.3,9233.0,74.0,22.0,147.1,0.0,1.0,1.0,0.0,Y
2017,mitch trubisky,North Carolina,QB,74.13,222,4.67,27.5,116.0,4.25,6.87,,386.0,572.0,67.5,4762.0,41.0,10.0,157.6,0.0,0.0,0.0,0.0,Y
2017,mitch leidner,Minnesota,QB,75.38,226,4.93,34.5,123.0,4.25,6.96,,580.0,1029.0,56.4,7287.0,36.0,32.0,121.2,0.0,0.0,0.0,0.0,N
2018,mike white,Western Kentucky,QB,77.0,224,5.09,27.0,96.0,4.4,7.4,,,,,,,,,0.0,0.0,0.0,0.0,Y
2009,mike reilly,Central Washington,QB,75.0,214,4.79,30.5,109.0,4.11,6.76,,,,,,,,,0.0,0.0,0.0,0.0,N
1998,mike mcqueary,Penn State,QB,76.3,223,5.16,26.0,99.0,4.4,7.79,,171.0,307.0,55.7,2730.0,22.0,11.0,146.9,0.0,0.0,0.0,0.0,N
2001,mike mcmahon,Rutgers,QB,74.4,207,4.55,37.5,124.0,4.12,7.12,,482.0,974.0,49.5,6608.0,41.0,52.0,109.7,0.0,0.0,0.0,0.0,Y
2010,mike kafka,Northwestern,QB,75.13,225,4.93,32.0,110.0,4.37,6.96,,408.0,637.0,64.1,4265.0,19.0,20.0,123.9,0.0,0.0,0.0,0.0,Y
2013,mike glennon,North Carolina State,QB,79.13,225,4.94,26.5,102.0,4.52,7.49,,646.0,1069.0,60.4,7411.0,63.0,31.0,132.3,0.0,0.0,0.0,0.0,Y
1999,mike cook,William & Mary (VA),QB,71.6,207,4.84,33.5,112.0,4.32,7.29,,,,,,,,,0.0,0.0,0.0,0.0,N
1997,mike cherry,Murray State (KY),QB,75.9,222,5.11,28.5,105.0,4.38,7.8,,21.0,40.0,52.5,242.0,1.0,3.0,96.6,0.0,0.0,0.0,0.0,Y
2001,michael vick,Virginia Tech,QB,72.0,210,4.33,38.0,,,,,192.0,343.0,56.0,3299.0,21.0,11.0,150.6,0.0,1.0,1.0,0.0,Y
1999,michael bishop,Kansas State,QB,73.0,205,4.85,33.0,113.0,4.62,7.63,,244.0,480.0,50.8,4401.0,36.0,13.0,147.2,0.0,1.0,1.0,1.0,Y
2010,max hall,Brigham Young,QB,72.63,209,4.84,32.0,102.0,4.35,7.07,,903.0,1382.0,65.3,11365.0,94.0,40.0,151.1,0.0,0.0,0.0,0.0,N
2009,matthew stafford,Georgia,QB,74.25,225,4.81,30.5,107.0,4.47,7.06,,564.0,987.0,57.1,7731.0,51.0,33.0,133.3,0.0,0.0,0.0,0.0,Y
1998,matt sherman,Iowa,QB,73.9,207,5.06,26.5,103.0,4.37,7.68,,420.0,714.0,58.8,6018.0,43.0,32.0,140.5,0.0,0.0,0.0,0.0,N
2013,matt scott,Arizona,QB,74.13,213,4.69,31.0,118.0,3.99,6.69,,415.0,675.0,61.5,4921.0,33.0,19.0,133.2,0.0,0.0,0.0,0.0,N
2004,matt schaub,Virginia,QB,77.6,243,5.05,30.5,110.0,4.62,7.65,,716.0,1069.0,67.0,7502.0,56.0,26.0,138.4,0.0,1.0,1.0,0.0,Y
2008,matt ryan,Boston College,QB,76.75,228,4.94,,,4.51,7.4,,807.0,1347.0,59.9,9313.0,56.0,37.0,126.2,0.0,1.0,1.0,0.0,Y
2006,matt leinart,Southern California,QB,76.88,223,4.9,,,,,,807.0,1245.0,64.8,10693.0,99.0,23.0,159.5,1.0,1.0,1.0,1.0,Y
2007,matt gutierrez,Idaho State,QB,76.25,232,5.04,29.5,108.0,4.28,6.99,,27.0,41.0,65.9,286.0,1.0,0.0,132.5,0.0,0.0,0.0,0.0,N
2008,matt flynn,Louisiana State,QB,74.25,231,4.81,28.0,109.0,4.34,7.21,,245.0,437.0,56.1,3096.0,31.0,13.0,133.0,0.0,0.0,0.0,0.0,Y
2013,matt barkley,Southern California,QB,74.0,230,4.91,,,,,,1001.0,1562.0,64.1,12327.0,116.0,48.0,148.7,0.0,0.0,0.0,0.0,Y
2018,mason rudolph,Oklahoma State,QB,77.0,235,4.9,26.0,,,,,915.0,1447.0,63.2,13618.0,92.0,26.0,159.7,0.0,0.0,1.0,0.0,Y
2001,marques tuiasosopo,Washington,QB,73.1,223,4.71,35.5,115.0,4.35,7.36,,418.0,761.0,54.9,5501.0,31.0,28.0,121.7,0.0,1.0,1.0,0.0,Y
2009,mark sanchez,Southern California,QB,74.13,227,4.93,32.5,116.0,4.21,7.06,,313.0,487.0,64.3,3965.0,41.0,16.0,153.9,0.0,0.0,0.0,0.0,Y
1999,mark garcia,Ohio State,QB,75.0,220,4.77,33.5,107.0,4.2,7.36,,21.0,49.0,42.9,364.0,2.0,1.0,114.6,0.0,0.0,0.0,0.0,N
2006,marcus vick,Virginia Tech,QB,72.0,200,4.51,36.0,117.0,4.08,6.94,,207.0,346.0,59.8,2868.0,19.0,15.0,138.9,0.0,0.0,0.0,0.0,N
2015,marcus mariota,Oregon,QB,75.75,222,4.52,36.0,121.0,4.11,6.87,,779.0,1167.0,66.8,10796.0,105.0,14.0,171.8,1.0,1.0,1.0,1.0,Y
1997,marcus crandell,East Carolina (NC),QB,71.4,204,4.78,30.0,105.0,4.67,8.25,,620.0,1133.0,54.7,7198.0,58.0,38.0,118.3,0.0,0.0,0.0,0.0,N
2000,marc bulger,West Virginia,QB,73.6,208,4.96,,100.0,4.34,7.46,,630.0,1023.0,61.6,8153.0,59.0,34.0,140.9,0.0,0.0,0.0,0.0,Y
2004,luke mccown,Louisiana Tech,QB,75.9,208,4.71,37.5,125.0,4.21,6.74,,1063.0,1775.0,59.9,12666.0,87.0,62.0,129.0,0.0,0.0,0.0,0.0,Y
2007,luke getsy,Akron,QB,74.5,222,4.99,32.5,106.0,4.46,6.95,,480.0,918.0,52.3,6149.0,41.0,23.0,118.3,0.0,0.0,0.0,0.0,N
2018,luke falk,Washington State,QB,76.0,215,,26.5,103.0,,,,1403.0,2054.0,68.3,14481.0,119.0,39.0,142.8,0.0,0.0,0.0,0.0,Y
2018,logan woodside,Toledo,QB,73.0,213,4.79,31.5,103.0,4.15,6.94,,759.0,1166.0,65.1,10514.0,93.0,25.0,162.9,0.0,1.0,1.0,0.0,Y
2014,logan thomas,Virginia Tech,QB,78.13,248,4.61,35.5,116.0,4.18,7.05,,693.0,1248.0,55.5,9003.0,52.0,39.0,123.6,0.0,0.0,0.0,0.0,Y
2010,levi brown,Troy (AL),QB,75.5,229,4.93,31.5,106.0,4.43,7.07,,522.0,830.0,62.9,6284.0,38.0,12.0,138.7,0.0,1.0,1.0,0.0,Y
2013,landry jones,Oklahoma,QB,76.13,225,5.11,31.0,115.0,4.3,7.12,,1388.0,2183.0,63.6,16646.0,123.0,52.0,141.5,0.0,0.0,1.0,0.0,Y
1997,lance funderburk,Valdosta State (GA),QB,76.4,227,5.23,27.0,97.0,,,,,,,,,,,0.0,0.0,0.0,0.0,N
2008,kyle wright,Miami (FL),QB,75.4,218,4.9,25.5,105.0,4.32,7.34,,478.0,807.0,59.2,5835.0,38.0,31.0,127.8,0.0,0.0,0.0,0.0,N
2005,kyle orton,Purdue,QB,76.0,233,5.11,26.5,,4.52,7.38,,786.0,1336.0,58.8,9337.0,63.0,28.0,128.9,0.0,0.0,0.0,0.0,Y
2018,kyle lauletta,Richmond (VA),QB,75.0,222,4.81,31.0,113.0,4.07,6.95,,,,,,,,,0.0,0.0,0.0,0.0,Y
2003,kyle boller,California,QB,75.0,234,4.65,35.5,117.0,3.99,7.19,,622.0,1301.0,47.8,7980.0,64.0,48.0,108.2,0.0,0.0,0.0,0.0,Y
2002,kurt kittner,Illinois,QB,74.3,211,4.86,27.0,97.0,4.5,7.34,,668.0,1229.0,54.4,8460.0,66.0,33.0,124.5,0.0,0.0,0.0,0.0,Y
2018,kurt benkert,Virginia,QB,75.0,218,4.95,31.0,112.0,4.33,7.15,,534.0,925.0,57.7,5817.0,46.0,21.0,122.4,0.0,0.0,0.0,0.0,N
1997,koy detmer,Colorado,QB,72.9,180,5.14,28.5,103.0,4.37,7.79,,350.0,594.0,58.9,5390.0,40.0,25.0,148.9,0.0,0.0,0.0,0.0,Y
2003,kliff kingsbury,Texas Tech,QB,75.5,213,4.76,30.0,101.0,4.07,6.91,,1231.0,1883.0,65.4,12429.0,95.0,40.0,133.2,0.0,0.0,1.0,0.0,Y
2012,kirk cousins,Michigan State,QB,74.63,214,4.84,28.5,109.0,4.5,7.05,,723.0,1128.0,64.1,9131.0,66.0,30.0,146.1,0.0,0.0,0.0,0.0,Y
2008,kevin oconnell,San Diego State,QB,77.0,225,4.66,31.0,113.0,4.38,7.01,,664.0,1151.0,57.7,7689.0,46.0,34.0,121.1,0.0,0.0,0.0,0.0,Y
2007,kevin kolb,Houston,QB,75.13,218,4.89,32.5,112.0,4.44,6.94,,964.0,1565.0,61.6,12964.0,85.0,31.0,145.1,0.0,1.0,1.0,0.0,Y
2016,kevin hogan,Stanford,QB,75.25,218,4.78,32.5,113.0,4.31,6.9,,727.0,1103.0,65.9,9385.0,75.0,29.0,154.6,0.0,0.0,0.0,0.0,Y
2000,kevin feterik,Brigham Young,QB,71.0,207,4.94,31.0,106.0,4.45,7.3,,609.0,1004.0,60.7,8065.0,53.0,27.0,140.2,0.0,0.0,0.0,0.0,N
1999,kevin daft,UC-Davis,QB,73.8,203,4.91,32.5,109.0,4.37,7.39,,,,,,,,,0.0,0.0,0.0,0.0,Y
2006,kent smith,Central Michigan,QB,76.75,216,4.64,35.0,122.0,4.47,7.41,,453.0,785.0,57.7,5179.0,33.0,15.0,123.2,0.0,0.0,0.0,0.0,N
2012,kellen moore,Boise State,QB,72.0,197,4.82,27.0,99.0,4.56,7.41,,1157.0,1658.0,69.8,14667.0,142.0,28.0,169.0,0.0,1.0,1.0,0.0,N
2006,kellen clemens,Oregon,QB,73.63,224,4.89,,,,,,613.0,1005.0,61.0,7555.0,61.0,24.0,139.4,0.0,0.0,0.0,0.0,Y
2014,keith wenning,Ball State (IN),QB,75.0,218,5.0,28.0,99.0,4.25,7.07,,1035.0,1642.0,63.0,11402.0,92.0,42.0,134.7,0.0,0.0,0.0,0.0,Y
2003,juston wood,Portland State (OR),QB,72.6,207,4.84,32.5,113.0,4.07,7.13,,,,,,,,,0.0,0.0,0.0,0.0,N
2001,justin coleman,Nebraska-Kearney,QB,76.4,238,5.19,29.5,101.0,4.62,7.78,,,,,,,,,0.0,0.0,0.0,0.0,N
2002,jt osullivan,UC-Davis,QB,74.1,223,4.93,29.0,105.0,4.28,7.46,,,,,,,,,0.0,0.0,0.0,0.0,Y
2018,jt barrett,Ohio State,QB,73.0,224,4.7,30.0,108.0,4.44,7.38,,769.0,1211.0,63.5,9434.0,104.0,30.0,152.3,0.0,0.0,0.0,0.0,N
2004,jp losman,Tulane (LA),QB,74.3,224,4.7,33.0,116.0,,,,570.0,987.0,57.8,6754.0,60.0,27.0,129.8,0.0,0.0,0.0,0.0,Y
2017,joshua dobbs,Tennessee,QB,75.25,216,4.64,33.0,122.0,4.31,6.75,,614.0,999.0,61.5,7138.0,53.0,29.0,133.2,0.0,0.0,0.0,0.0,Y
2016,josh woodrum,Liberty (VA),QB,74.0,231,4.8,31.0,116.0,4.31,6.74,,,,,,,,,0.0,0.0,0.0,0.0,N
2007,josh swogger,Montana,QB,76.5,237,5.14,28.5,107.0,4.76,7.25,,141.0,292.0,48.3,1978.0,15.0,12.0,113.9,0.0,0.0,0.0,0.0,N
2018,josh rosen,UCLA,QB,76.0,226,4.92,31.0,111.0,4.28,7.09,,712.0,1170.0,60.9,9340.0,59.0,26.0,140.1,0.0,0.0,0.0,0.0,Y
2011,josh portis,California (PA),QB,74.88,211,4.59,40.0,126.0,4.12,6.84,,,,,,,,,0.0,0.0,0.0,0.0,N
2002,josh mccown,Sam Houston State (TX),QB,75.9,221,4.64,38.5,118.0,3.9,6.85,,340.0,664.0,51.2,4022.0,27.0,34.0,105.3,0.0,0.0,0.0,0.0,Y
2008,josh johnson,San Diego,QB,74.75,213,4.53,33.5,110.0,4.42,7.56,,,,,,,,,0.0,0.0,0.0,0.0,Y
2001,josh heupel,Oklahoma,QB,73.8,215,4.82,37.5,114.0,4.15,7.18,,615.0,972.0,63.3,7066.0,50.0,30.0,135.1,0.0,1.0,1.0,1.0,Y
2004,josh harris,Bowling Green (OH),QB,73.5,238,4.84,31.0,115.0,,,,627.0,1028.0,61.0,7503.0,55.0,28.0,134.5,0.0,0.0,0.0,0.0,Y
2005,josh haldi,Northern Illinois,QB,74.0,215,4.68,33.0,113.0,4.07,6.89,,427.0,776.0,55.0,6015.0,55.0,19.0,138.6,0.0,0.0,0.0,0.0,N
2009,josh freeman,Kansas State,QB,77.75,248,4.9,33.5,119.0,4.43,7.11,,680.0,1151.0,59.1,8078.0,44.0,34.0,124.7,0.0,0.0,0.0,0.0,Y
2001,josh booty,Louisiana State,QB,74.5,221,4.95,29.5,105.0,4.48,7.54,,307.0,623.0,49.3,3951.0,24.0,34.0,104.3,0.0,0.0,0.0,0.0,Y
2003,josh blankenship,Tulsa (OK),QB,74.0,211,5.16,28.5,103.0,4.42,7.59,,443.0,844.0,52.5,5273.0,21.0,32.0,105.6,0.0,0.0,0.0,0.0,N
2018,josh allen,Wyoming,QB,77.0,237,4.75,33.5,119.0,4.4,6.9,,365.0,649.0,56.2,5066.0,44.0,21.0,137.7,0.0,0.0,0.0,0.0,Y
2007,jordan palmer,Texas-El Paso,QB,77.63,231,4.99,30.5,104.0,4.58,7.32,,851.0,1427.0,59.6,11084.0,88.0,64.0,136.3,0.0,0.0,0.0,0.0,Y
2014,jordan lynch,Northern Illinois,QB,72.13,217,4.76,29.5,109.0,4.2,6.55,,509.0,824.0,61.8,6209.0,51.0,14.0,142.1,0.0,1.0,1.0,0.0,N
2012,jordan jefferson,Louisiana State,QB,76.13,223,4.58,36.5,116.0,4.06,6.81,,397.0,678.0,58.6,4733.0,34.0,20.0,127.8,0.0,0.0,0.0,0.0,N
2001,jonathan beasley,Kansas State,QB,73.0,227,4.85,29.5,102.0,4.38,7.55,,259.0,544.0,47.6,4642.0,33.0,18.0,132.7,0.0,0.0,0.0,0.0,N
2014,johnny manziel,Texas A&M,QB,71.75,207,4.68,31.5,112.0,4.03,6.75,,595.0,863.0,68.9,7820.0,63.0,22.0,164.1,1.0,1.0,1.0,1.0,Y
2007,john stocco,Wisconsin,QB,73.63,207,5.1,27.0,104.0,4.6,7.29,,534.0,934.0,57.2,7227.0,47.0,22.0,134.1,0.0,0.0,0.0,0.0,N
2010,john skelton,Fordham (NY),QB,77.38,243,4.85,33.5,108.0,4.33,7.17,,,,,,,,,0.0,0.0,0.0,0.0,Y
2009,john parker wilson,Alabama,QB,74.0,219,4.75,29.5,105.0,4.59,7.53,,665.0,1175.0,56.6,7924.0,47.0,30.0,121.3,0.0,0.0,0.0,0.0,N
2004,john navarre,Michigan,QB,78.0,246,5.18,26.5,100.0,4.46,7.73,,744.0,1327.0,56.1,9014.0,70.0,30.0,126.0,0.0,0.0,0.0,0.0,Y
1998,john dutton,Nevada Las Vegas,QB,75.9,219,4.68,29.0,104.0,4.22,7.55,,,,,,,,,0.0,0.0,0.0,0.0,Y
2008,john david booty,Southern California,QB,74.38,218,4.93,22.5,99.0,4.58,,,518.0,832.0,62.3,6125.0,55.0,21.0,140.9,0.0,0.0,0.0,0.0,Y
2007,john beck,Brigham Young,QB,74.13,215,4.78,29.5,111.0,4.17,6.81,,885.0,1418.0,62.4,11021.0,79.0,34.0,141.3,0.0,1.0,1.0,0.0,Y
2002,joey harrington,Oregon,QB,76.0,215,4.85,32.0,107.0,4.21,7.0,,512.0,928.0,55.2,6911.0,59.0,23.0,133.8,0.0,1.0,1.0,0.0,Y
2016,joel stave,Wisconsin,QB,77.25,236,4.8,33.5,115.0,4.33,7.29,,613.0,1031.0,59.5,7635.0,48.0,37.0,129.8,0.0,0.0,0.0,0.0,N
2000,joe hamilton,Georgia Tech,QB,70.3,192,4.84,,106.0,,,,629.0,1020.0,61.7,8882.0,65.0,39.0,148.2,0.0,1.0,1.0,1.0,Y
1999,joe germaine,Ohio State,QB,73.3,211,4.8,32.0,102.0,4.21,7.18,,439.0,741.0,59.2,6370.0,56.0,20.0,151.0,0.0,0.0,0.0,0.0,Y
2008,joe flacco,Delaware,QB,78.38,236,4.86,28.5,110.0,4.27,6.82,,1.0,4.0,25.0,11.0,0.0,0.0,48.1,0.0,0.0,0.0,0.0,Y
2014,jimmy garoppolo,Eastern Illinois,QB,74.25,226,4.97,30.5,110.0,4.26,7.04,,,,,,,,,0.0,1.0,1.0,0.0,Y
2010,jimmy clausen,Notre Dame,QB,74.63,222,4.76,,,,,,695,1110,62.6,8148,60,27,137.2,0.0,0.0,0.0,0.0,Y
1997,jim druckenmiller,Virginia Tech,QB,76.6,234,,29.0,106.0,4.28,7.92,,313,582,53.8,4383,34,18,130.1,0.0,1.0,1.0,0.0,Y
1997,jim arellanes,Fresno State (CA),QB,75.1,211,5.19,27.0,102.0,4.67,8.03,,275,453,60.7,4026,26,20,145.5,0.0,0.0,0.0,0.0,N
2010,jevan snead,Mississippi,QB,75.0,219,5.04,33.0,106.0,4.33,7.08,,401,727,55.2,5765,48,35,133.9,0.0,0.0,0.0,0.0,N
2001,jesse palmer,Florida,QB,74.0,231,4.79,35.5,112.0,4.29,7.13,,254,479,53.0,3755,31,17,133.1,0.0,0.0,0.0,0.0,Y
2015,jerry lovelocke,Prairie View A&M,QB,76.5,248,4.99,31.5,113.0,4.51,7.3,,,,,,,,,0.0,0.0,0.0,0.0,N
2011,jerrod johnson,Texas A&M,QB,77.13,251,4.75,29.0,119.0,4.31,7.28,,650,1109,58.6,8011,67,27,134.4,0.0,0.0,0.0,0.0,N
2017,jerod evans,Virginia Tech,QB,74.63,232,4.8,26.5,112.0,4.41,,,268,422,63.5,3552,29,8,153.1,0.0,0.0,0.0,0.0,N
2011,jeff van camp,Florida Atlantic,QB,77.0,218,4.83,31.0,114.0,4.16,6.87,,311,544,57.2,3905,29,16,129.2,0.0,0.0,0.0,0.0,N
2004,jeff smoker,Michigan State,QB,75.1,223,4.95,26.5,101.0,4.36,7.65,,685,1150,59.6,8932,61,39,135.5,0.0,0.0,0.0,0.0,Y
2007,jeff rowe,Nevada,QB,77.25,226,4.91,29.5,114.0,4.42,6.72,,682,1122,60.8,7862,55,33,129.9,0.0,0.0,0.0,0.0,Y
2014,jeff mathews,Cornell (NY),QB,75.75,223,5.26,25.5,104.0,4.36,7.14,,,,,,,,,0.0,0.0,0.0,0.0,N
2016,jeff driskel,Louisiana Tech,QB,76.0,234,4.56,32.0,122.0,4.25,7.19,,607,1000,60.7,7437,50,28,134.1,0.0,0.0,0.0,0.0,Y
2006,jay cutler,Vanderbilt,QB,75.25,226,4.81,,,4.26,7.1,,710,1242,57.2,8697,59,36,125.9,0.0,1.0,1.0,0.0,Y
2005,jason white,Oklahoma,QB,74.5,223,4.93,31.0,102.0,4.19,7.28,,627,990,63.3,7922,81,24,152.7,1.0,1.0,1.0,1.0,N
1997,jason martin,Louisiana Tech,QB,74.4,234,5.01,29.0,101.0,4.47,7.81,,705,1320,53.4,9066,64,55,118.8,0.0,0.0,0.0,0.0,N
1999,jason maas,Oregon,QB,74.0,210,4.97,31.5,103.0,4.35,7.43,,120,226,53.1,1765,19,8,139.4,0.0,0.0,0.0,0.0,N
2004,jason fife,Oregon,QB,75.9,226,4.95,30.5,113.0,4.18,7.28,,260,496,52.4,3702,30,14,129.4,0.0,0.0,0.0,0.0,N
1997,jason davis,Western State Colorado,QB,75.5,220,4.92,30.5,107.0,4.33,7.85,,,,,,,,,0.0,0.0,0.0,0.0,N
2005,jason campbell,Auburn,QB,76.75,230,4.72,,,,7.42,,552,854,64.6,7299,45,24,148.2,0.0,1.0,1.0,0.0,Y
2009,jason boltus,Hartwick (NY),QB,74.75,225,4.82,31.5,111.0,4.47,7.0,,,,,,,,,0.0,0.0,0.0,0.0,N
2010,jarrett brown,West Virginia,QB,74.88,224,4.5,34.5,114.0,4.39,7.24,,268,421,63.7,2983,16,13,129.5,0.0,0.0,0.0,0.0,N
2000,jarious jackson,Notre Dame,QB,73.0,226,4.68,,109.0,,,,306,536,57.1,4820,34,21,145.7,0.0,0.0,0.0,0.0,Y
2007,jared zabransky,Boise State,QB,74.1,219,4.59,35.5,111.0,4.08,6.78,,610,980,62.2,8256,58,37,145.0,0.0,0.0,0.0,0.0,N
2016,jared goff,California,QB,76.0,215,4.82,27.0,110.0,4.47,7.17,,977,1568,62.3,12195,96,30,144.0,0.0,0.0,0.0,0.0,Y
2005,jared allen,Florida Atlantic,QB,74.25,218,5.0,27.5,106.0,4.39,7.29,,177,291,60.8,2554,13,8,143.8,0.0,0.0,0.0,0.0,N
2013,james vandenberg,Iowa,QB,74.75,226,4.92,32.0,116.0,4.52,6.95,,507,888,57.1,5786,35,20,120.3,0.0,0.0,0.0,0.0,N
2007,james pinkney,East Carolina (NC),QB,74.5,208,4.81,34.0,112.0,4.49,7.35,,687,1189,57.8,8173,46,35,122.4,0.0,0.0,0.0,0.0,N
2015,jameis winston,Florida State,QB,76.0,231,4.97,28.5,103.0,4.36,7.16,,562,851,66.0,7964,65,28,163.3,1.0,1.0,1.0,1.0,Y
2007,jamarcus russell,Louisiana State,QB,77.5,265,4.83,,,,,,493,797,61.9,6625,52,21,147.9,0.0,0.0,1.0,0.0,Y
1997,jake plummer,Arizona State,QB,74.3,195,4.96,30.0,111.0,4.29,7.3,,613,1107,55.4,8626,64,34,133.8,0.0,1.0,1.0,0.0,Y
2011,jake locker,Washington,QB,74.5,231,4.51,35.0,115.0,4.12,6.77,,619,1147,54.0,7639,53,35,119.1,0.0,0.0,0.0,0.0,Y
2012,jacory harris,Miami (FL),QB,75.0,203,4.65,37.0,113.0,4.4,7.1,,703,1170,60.1,8826,70,48,135.0,0.0,0.0,0.0,0.0,N
2016,jacoby brissett,North Carolina State,QB,75.75,231,4.94,31.0,113.0,4.53,7.17,,499,839,59.5,5723,46,15,131.3,0.0,0.0,0.0,0.0,Y
2006,ingle martin,Furman (SC),QB,74.25,220,4.72,36.0,111.0,4.17,7.13,,54,87,62.1,750,3,2,141.3,0.0,0.0,0.0,0.0,Y
2009,hunter cantwell,Louisville,QB,76.38,235,5.22,26.0,99.0,4.59,7.4,,313,534,58.6,3912,26,23,127.6,0.0,0.0,0.0,0.0,N
2002,greg zolman,Vanderbilt,QB,73.8,220,4.9,34.0,110.0,4.14,7.06,,596,1156,51.6,7981,41,46,113.3,0.0,0.0,0.0,0.0,N
2011,greg mcelroy,Alabama,QB,73.88,220,4.84,33.0,107.0,4.45,7.11,,436,658,66.3,5691,39,10,155.4,0.0,0.0,0.0,0.0,Y
1999,graham leigh,New Mexico,QB,73.9,212,4.79,32.5,111.0,4.27,7.21,,367,657,55.9,4979,42,27,132.4,0.0,1.0,1.0,0.0,N
2009,graham harrell,Texas Tech,QB,74.13,223,5.07,29.5,98.0,4.56,7.45,,1403,2011,69.8,15793,134,34,154.3,0.0,0.0,1.0,0.0,N
2000,giovanni carmazzi,Hofstra (NY),QB,74.6,224,4.76,36.5,119.0,4.23,6.94,,,,,,,,,0.0,0.0,0.0,0.0,Y
2005,gino guidugli,Cincinnati,QB,75.75,229,5.04,29.0,97.0,4.52,7.41,,880,1556,56.6,11453,78,48,128.8,0.0,0.0,0.0,0.0,N
2013,geno smith,West Virginia,QB,74.38,218,4.58,33.5,124.0,,,,988,1465,67.4,11662,98,21,153.5,0.0,0.0,0.0,0.0,Y
2015,garrett grayson,Colorado State,QB,74.5,213,4.84,,,,,,688,1113,61.8,9190,64,27,145.3,0.0,1.0,1.0,0.0,Y
2006,erik meyer,Eastern Washington,QB,73.0,210,4.7,32.5,112.0,4.12,6.83,,,,,,,,,0.0,0.0,0.0,0.0,N
2008,erik ainge,Tennessee,QB,77.5,225,5.04,21.5,108.0,4.6,7.51,,733,1210,60.6,8700,72,35,134.8,0.0,0.0,0.0,0.0,Y
2004,eli manning,Mississippi,QB,76.8,221,4.9,,,,,,829,1363,60.8,10119,81,35,137.7,0.0,1.0,1.0,0.0,Y
2013,ej manuel,Florida State,QB,76.63,237,4.65,34.0,118.0,4.21,7.08,,600,897,66.9,7741,47,28,150.4,0.0,0.0,0.0,0.0,Y
2014,dustin vaughan,West Texas A&M,QB,76.88,235,4.95,29.0,108.0,4.43,7.25,,,,,,,,,0.0,0.0,0.0,0.0,N
2005,dustin long,Sam Houston State (TX),QB,74.5,208,4.69,30.5,108.0,4.08,6.77,,240,437,54.9,3218,23,22,124.1,0.0,0.0,0.0,0.0,N
2009,drew willy,Buffalo,QB,75.13,215,4.9,30.5,109.0,4.45,7.18,,849,1322,64.2,8748,52,30,128.2,0.0,0.0,0.0,0.0,N
2007,drew stanton,Michigan State,QB,75.25,226,4.77,30.5,108.0,4.41,6.77,,543,846,64.2,6524,42,28,138.7,0.0,0.0,0.0,0.0,Y
2006,drew olson,UCLA,QB,73.63,222,5.12,23.0,97.0,4.42,,,664,1148,57.8,8532,67,32,134.0,0.0,0.0,0.0,0.0,N
2001,drew brees,Purdue,QB,72.3,213,4.85,32.0,105.0,4.21,7.09,,1026,1678,61.1,11792,90,45,132.5,0.0,1.0,1.0,0.0,Y
2000,doug johnson,Florida,QB,74.4,226,4.95,29.5,96.0,,,,504,907,55.6,7114,62,36,136.1,0.0,0.0,0.0,0.0,N
1999,donovan mcnabb,Syracuse,QB,74.3,223,4.64,33.0,116.0,4.38,7.3,,548,938,58.4,8389,77,26,155.1,0.0,1.0,1.0,0.0,Y
2006,dj shockley,Georgia,QB,73.13,214,4.61,37.5,121.0,4.17,7.07,,240,443,54.2,3555,34,9,142.8,0.0,0.0,0.0,0.0,Y
2017,deshone kizer,Notre Dame,QB,76.13,233,4.83,30.5,107.0,4.53,7.4,,422,695,60.7,5805,47,19,147.7,0.0,0.0,0.0,0.0,Y
2017,deshaun watson,Clemson,QB,74.13,221,4.66,32.5,119.0,4.31,6.95,,814,1207,67.4,10168,90,32,157.5,0.0,1.0,1.0,1.0,Y
2014,derek carr,Fresno State (CA),QB,74.38,214,4.69,34.5,110.0,4.2,,,1087,1630,66.7,12843,113,24,152.8,0.0,1.0,1.0,0.0,Y
2005,derek anderson,Oregon State,QB,78.13,242,5.06,29.0,101.0,4.62,7.67,,768,1515,50.7,11249,79,57,122.7,0.0,0.0,0.0,0.0,Y
2017,davis webb,California,QB,77.0,229,4.79,33.0,118.0,,6.92,,841,1367,61.5,9852,83,34,137.1,0.0,0.0,0.0,0.0,Y
2001,david rivers,Western Carolina,QB,75.0,223,4.73,31.5,115.0,4.2,7.37,,24,45,53.3,275,3,2,117.8,0.0,0.0,0.0,0.0,N
2002,david neill,Nevada,QB,75.0,206,4.95,30.0,108.0,4.44,7.28,,763,1376,55.5,10903,73,33,134.7,0.0,0.0,0.0,0.0,N
2005,david greene,Georgia,QB,75.5,226,4.8,31.5,113.0,4.1,7.0,,849,1440,59.0,11528,72,32,138.3,0.0,0.0,0.0,0.0,Y
2002,david garrard,East Carolina (NC),QB,73.9,235,4.83,33.5,110.0,4.26,7.35,,666,1169,57.0,9029,60,39,132.1,0.0,0.0,0.0,0.0,Y
2014,david fales,San Jose State,QB,73.63,212,4.99,28.0,102.0,4.5,7.55,,639,938,68.1,8382,66,22,161.7,0.0,0.0,0.0,0.0,Y
2002,david carr,Fresno State (CA),QB,75.4,223,4.67,35.0,106.0,4.28,7.05,,565,901,62.7,7458,65,22,151.2,0.0,1.0,1.0,0.0,Y
2003,dave ragone,Louisville,QB,75.6,249,4.98,30.5,101.0,4.32,7.4,,685,1180,58.1,8564,74,29,134.8,0.0,1.0,1.0,0.0,Y
1999,daunte culpepper,Central Florida,QB,75.8,255,4.52,39.0,122.0,4.13,7.21,,721,1097,65.7,9341,72,32,153.1,0.0,0.0,0.0,0.0,Y
2010,daryll clark,Penn State,QB,73.88,235,4.72,,,,,,444,738,60.2,5742,43,16,140.4,0.0,0.0,0.0,0.0,N
2012,darron thomas,Oregon,QB,74.63,220,4.77,36.0,121.0,4.28,7.17,,449,733,61.3,5910,66,17,154.1,0.0,0.0,0.0,0.0,N
2006,darrell hackney,Alabama-Birmingham,QB,71.63,239,4.86,33.0,110.0,4.69,7.62,,694,1246,55.7,9886,71,33,135.9,0.0,0.0,0.0,0.0,N
1997,danny wuerffel,Florida,QB,73.8,212,4.9,28.0,100.0,4.42,7.69,,708,1170,60.5,10875,114,42,163.6,1.0,1.0,1.0,1.0,Y
2018,danny etling,Louisiana State,QB,74.0,222,4.76,30.5,114.0,4.37,7.09,,563,973,57.9,7076,43,19,129.6,0.0,0.0,0.0,0.0,Y
2005,dan orlovsky,Connecticut,QB,77.0,225,4.98,29.5,105.0,4.39,7.33,,916,1567,58.5,10706,84,51,127.0,0.0,0.0,0.0,0.0,Y
2010,dan lefevour,Central Michigan,QB,75.25,230,4.6,29.5,110.0,4.22,6.93,,1171,1763,66.4,12905,102,36,142.9,0.0,1.0,1.0,0.0,Y
1998,dan gonzalez,East Carolina (NC),QB,74.6,214,4.89,29.0,104.0,4.23,7.58,,346,610,56.7,3868,23,16,117.2,0.0,0.0,0.0,0.0,N
2016,dak prescott,Mississippi State,QB,74.25,226,4.79,32.5,116.0,4.32,7.11,,734,1169,62.8,9376,70,23,146.0,0.0,0.0,0.0,0.0,Y
2003,d bryant,Duke,QB,74.0,218,4.78,35.5,114.0,4.34,7.36,,316,642,49.2,3902,16,27,100.1,0.0,0.0,0.0,0.0,N
2009,curtis painter,Purdue,QB,74.88,225,4.87,29.0,102.0,4.48,7.0,,987,1648,59.9,11163,67,46,124.6,0.0,0.0,0.0,0.0,Y
2009,cullen harper,Clemson,QB,75.0,225,4.95,30.0,105.0,4.49,7.43,,518,815,63.6,5762,42,20,135.0,0.0,0.0,0.0,0.0,N
2005,craig ochs,Montana,QB,73.75,218,4.91,28.5,101.0,4.13,7.03,,265,453,58.5,3325,16,15,125.2,0.0,0.0,0.0,0.0,N
2004,craig krenzel,Ohio State,QB,75.5,228,4.84,28.0,112.0,4.08,7.22,,328,577,56.8,4489,28,21,130.9,0.0,0.0,0.0,0.0,Y
1998,cory sauter,Minnesota,QB,76.1,218,4.98,31.0,109.0,4.15,7.45,,539,945,57.0,6834,40,34,124.6,0.0,0.0,0.0,0.0,N
2017,cooper rush,Central Michigan,QB,74.63,228,4.93,27.0,105.0,4.47,7.23,,1022,1648,62.0,12891,90,55,139.1,0.0,0.0,0.0,0.0,N
2014,connor shaw,South Carolina,QB,72.38,206,4.66,34.0,115.0,4.33,7.07,,480,733,65.5,6074,56,16,155.9,0.0,0.0,0.0,0.0,N
2015,connor halliday,Washington State,QB,75.0,196,4.87,,,,,,1014,1634,62.1,11308,90,50,132.2,0.0,0.0,0.0,0.0,N
2016,connor cook,Michigan State,QB,76.0,217,4.79,33.0,113.0,4.28,7.21,,673,1170,57.5,9194,71,22,139.8,0.0,0.0,1.0,0.0,Y
2010,colt mccoy,Texas,QB,73.13,216,4.79,,114.0,,,,1157,1645,70.3,13253,112,45,155.0,0.0,1.0,1.0,1.0,Y
2013,collin klein,Kansas State,QB,76.88,226,4.78,29.0,111.0,4.4,7.17,,370,604,61.3,4724,30,15,138.4,0.0,1.0,1.0,0.0,N
2011,colin kaepernick,Nevada,QB,76.63,233,4.53,32.5,115.0,4.18,6.85,,740,1271,58.2,10098,82,24,142.5,0.0,1.0,1.0,0.0,Y
2013,colby cameron,Louisiana Tech,QB,74.13,212,4.78,30.5,112.0,4.28,6.98,,545,854,63.8,6417,45,13,141.3,0.0,1.0,1.0,0.0,N
2004,cody pickett,Washington,QB,75.5,233,4.8,30.5,109.0,4.3,7.19,,792,1373,57.7,9916,53,42,125.0,0.0,0.0,0.0,0.0,Y
2016,cody kessler,Southern California,QB,73.25,220,4.89,29.5,104.0,4.0,7.32,,851,1261,67.5,10339,88,19,156.4,0.0,0.0,0.0,0.0,Y
2015,cody fajardo,Nevada,QB,73.5,223,4.63,32.5,118.0,4.1,6.95,,878,1348,65.1,9659,57,29,135.0,0.0,0.0,0.0,0.0,N
2001,cleo lemon,Arkansas State,QB,74.0,226,4.87,35.5,106.0,4.27,7.33,,551,1128,48.8,7706,48,33,114.4,0.0,0.0,0.0,0.0,N
2017,cj beathard,Iowa,QB,74.13,219,,31.0,113.0,,,,454,782,58.1,5562,40,19,129.8,0.0,0.0,0.0,0.0,Y
1997,chuck clements,Houston,QB,74.6,211,4.98,31.5,108.0,4.36,7.69,,683,1192,57.3,7112,43,39,112.8,0.0,0.0,0.0,0.0,Y
2011,christian ponder,Florida State,QB,74.0,229,4.63,34.0,116.0,4.09,6.85,,596,965,61.8,6872,49,30,132.1,0.0,0.0,0.0,0.0,Y
2016,christian hackenberg,Penn State,QB,76.38,223,4.78,31.0,114.0,4.33,7.04,,693,1235,56.1,8457,48,31,121.4,0.0,0.0,0.0,0.0,Y
2003,chris simms,Texas,QB,76.4,220,4.86,31.0,103.0,4.18,7.37,,535,911,58.7,7097,58,31,138.4,0.0,0.0,0.0,0.0,Y
2005,chris rix,Florida State,QB,74.0,214,4.73,33.5,113.0,4.53,7.53,,575,1042,55.2,8390,63,40,135.1,0.0,0.0,0.0,0.0,N
2000,chris redman,Louisville,QB,74.8,222,5.37,26.5,98.0,4.78,7.8,,1031,1679,61.4,12541,84,51,134.6,0.0,1.0,1.0,0.0,Y
1998,chris mccoy,Navy,QB,69.8,196,4.8,29.5,109.0,,,,152,323,47.1,2486,21,17,122.6,0.0,0.0,0.0,0.0,N
2007,chris leak,Florida,QB,71.88,209,4.77,32.5,113.0,4.41,7.03,,895,1458,61.4,11213,88,42,140.1,0.0,0.0,0.0,0.0,N
1999,chris greisen,Northwest Missouri State,QB,74.5,223,5.06,30.5,107.0,4.33,7.29,,,,,,,,,0.0,0.0,0.0,0.0,Y
2018,chase litton,Marshall (WV),QB,77.0,230,4.9,29.5,106.0,4.53,7.49,,728,1198,60.8,8335,72,31,133.9,0.0,0.0,0.0,0.0,N
2009,chase holbrook,New Mexico State,QB,76.13,242,5.12,27.0,108.0,4.65,7.93,,1086,1566,69.3,11846,85,41,145.6,0.0,0.0,0.0,0.0,N
2009,chase daniel,Missouri,QB,72.0,218,4.79,33.0,,4.31,7.28,,1094,1609,68.0,12515,101,41,148.9,0.0,1.0,1.0,0.0,N
2006,charlie whitehurst,Clemson,QB,76.75,223,4.76,33.0,112.0,4.11,7.0,,817,1368,59.7,9665,49,46,124.2,0.0,0.0,0.0,0.0,Y
2005,charlie frye,Akron,QB,75.88,225,4.85,33.0,109.0,4.08,6.94,,913,1436,63.6,11049,64,32,138.5,0.0,0.0,0.0,0.0,Y
1998,charlie batch,Eastern Michigan,QB,73.9,216,4.89,33.5,118.0,4.11,7.6,,579,998,58.0,7592,53,31,133.2,0.0,0.0,0.0,0.0,Y
2012,chandler harnish,Northern Illinois,QB,73.63,219,4.68,32.5,112.0,4.15,6.78,,687,1110,61.9,8944,68,26,145.1,0.0,1.0,1.0,0.0,Y
2000,chad pennington,Marshall (WV),QB,75.4,229,4.85,33.5,111.0,4.16,7.12,,848,1334,63.6,11446,107,30,157.6,0.0,1.0,1.0,0.0,Y
2017,chad kelly,Mississippi,QB,74.0,224,,,,4.08,,,513,803,63.9,6858,50,21,150.9,0.0,0.0,0.0,0.0,Y
2008,chad henne,Michigan,QB,74.88,230,4.95,25.5,106.0,4.4,7.17,,828,1387,59.7,9715,87,37,133.9,0.0,0.0,0.0,0.0,Y
2012,case keenum,Houston,QB,72.63,208,4.72,32.5,103.0,,,,1546,2229,69.4,19217,155,46,160.6,0.0,1.0,1.0,0.0,N
2016,carson wentz,North Dakota State,QB,77.25,237,4.77,30.5,118.0,4.15,6.86,,392,612,64.1,5115,45,14,153.9,0.0,0.0,0.0,0.0,Y
2003,carson palmer,Southern California,QB,77.0,232,4.65,,,,,,927,1569,59.1,11818,72,49,131.2,1.0,1.0,1.0,1.0,Y
2016,cardale jones,Ohio State,QB,77.0,253,4.81,36.0,,,,,166,269,61.7,2322,15,7,147.4,0.0,0.0,0.0,0.0,Y
2011,cam newton,Auburn,QB,77.0,248,4.56,35.0,126.0,4.18,6.92,,191,292,65.4,2908,30,7,178.2,1.0,1.0,1.0,1.0,Y
1999,cade mcnown,UCLA,QB,72.9,213,4.76,33.5,108.0,4.28,7.27,,694,1250,55.5,10708,68,41,138.9,0.0,1.0,1.0,1.0,Y
2003,byron leftwich,Marshall (WV),QB,77.4,241,5.1,,,,,,939,1442,65.1,11903,89,28,150.9,0.0,1.0,1.0,0.0,Y
2014,bryn renner,North Carolina,QB,75.25,228,4.87,25.5,108.0,4.3,7.22,,668,1005,66.5,8221,64,25,151.2,0.0,0.0,0.0,0.0,N
2015,bryce petty,Baylor,QB,74.88,230,4.87,34.0,121.0,4.13,6.91,,530,845,62.7,8195,62,10,166.0,0.0,1.0,1.0,0.0,Y
2005,bryan randall,Virginia Tech,QB,72.25,225,4.72,33.0,112.0,4.08,6.97,,490,833,58.8,6508,48,31,136.0,0.0,1.0,1.0,0.0,N
2015,bryan bennett,Southeastern Louisiana,QB,74.25,211,4.81,37.0,125.0,4.2,7.13,,45,83,54.2,580,9,3,141.5,0.0,0.0,0.0,0.0,N
2006,bruce gradkowski,Toledo,QB,73.38,217,4.63,34.0,107.0,4.16,7.12,,766,1123,68.2,9225,85,27,157.4,0.0,0.0,0.0,0.0,Y
2006,bruce eugene,Grambling State (LA),QB,72.25,260,5.13,27.5,94.0,4.76,7.97,,,,,,,,,0.0,0.0,0.0,0.0,N
2006,brodie croyle,Alabama,QB,74.5,205,4.94,30.5,104.0,4.25,7.34,,488,869,56.2,6382,41,22,128.4,0.0,0.0,0.0,0.0,Y
2012,brock osweiler,Arizona State,QB,78.88,242,4.83,,,,,,412,680,60.6,5082,33,15,135.0,0.0,0.0,0.0,0.0,Y
1999,brock huard,Washington,QB,77.0,227,5.12,30.5,107.0,4.44,7.44,,422,776,54.4,5742,51,27,131.3,0.0,0.0,0.0,0.0,Y
2005,brock berlin,Miami (FL),QB,73.5,221,4.89,29.0,106.0,4.54,7.49,,459,787,58.3,5752,45,25,132.2,0.0,0.0,0.0,0.0,N
2003,brian st pierre,Boston College,QB,75.0,218,4.82,30.0,106.0,,,,457,803,56.9,5837,48,32,129.7,0.0,0.0,0.0,0.0,Y
1999,brian kuklick,Wake Forest,QB,74.1,204,4.9,31.0,103.0,4.56,7.66,,665,1230,54.1,8017,44,49,112.7,0.0,0.0,0.0,0.0,N
2009,brian hoyer,Michigan State,QB,74.0,215,5.02,32.0,109.0,4.42,7.1,,500,896,55.8,6159,35,23,121.3,0.0,0.0,0.0,0.0,N
2008,brian brohm,Louisville,QB,74.88,230,4.85,30.0,115.0,4.55,7.13,,780,1185,65.8,10775,71,24,157.9,0.0,1.0,1.0,0.0,Y
2015,brett hundley,UCLA,QB,75.25,226,4.63,36.0,120.0,3.98,6.93,,837,1241,67.4,9966,75,25,150.8,0.0,0.0,0.0,0.0,Y
2006,brett basanez,Northwestern,QB,73.25,220,4.79,34.0,114.0,4.22,6.75,,913,1584,57.6,10580,44,36,118.4,0.0,1.0,1.0,0.0,N
2012,brandon weeden,Oklahoma State,QB,75.5,221,4.89,,,,,,767,1103,69.5,9260,75,27,157.6,0.0,0.0,0.0,0.0,Y
2016,brandon doughty,Western Kentucky,QB,74.75,213,5.22,27.0,103.0,4.52,7.49,,1023,1491,68.6,12855,111,34,161.0,0.0,0.0,1.0,0.0,Y
2002,brandon doman,Brigham Young,QB,73.8,210,4.87,32.5,106.0,4.08,6.9,,313,504,62.1,4354,35,14,152.0,0.0,0.0,0.0,0.0,Y
2015,brandon bridge,South Alabama,QB,76.38,229,4.72,33.0,110.0,4.37,7.18,,189,373,50.7,2325,16,10,111.8,0.0,0.0,0.0,0.0,N
2016,brandon allen,Arkansas,QB,73.38,217,4.84,28.0,110.0,4.33,7.06,,583,1016,57.4,7463,64,26,134.8,0.0,0.0,0.0,0.0,Y
2007,brady quinn,Notre Dame,QB,75.75,232,4.73,,,,,,929,1602,58.0,11762,95,39,134.4,0.0,0.0,1.0,0.0,Y
2004,bradlee van pelt,Colorado State,QB,74.3,231,4.96,33.5,115.0,4.11,6.89,,424,778,54.5,6165,37,30,129.0,0.0,1.0,1.0,0.0,Y
2013,brad sorensen,Southern Utah,QB,76.5,229,4.97,29.0,112.0,4.55,7.17,,,,,,,,,0.0,0.0,0.0,0.0,Y
1997,brad otton,Southern California,QB,78.1,224,5.0,31.5,112.0,4.39,7.54,,410,718,57.1,5359,40,14,134.3,0.0,0.0,0.0,0.0,N
2003,brad banks,Iowa,QB,70.8,201,4.67,33.5,112.0,,,,211,362,58.3,3155,30,7,155.0,0.0,1.0,1.0,0.0,N
2015,blake sims,Alabama,QB,71.5,218,4.57,30.5,115.0,,,,275,430,64.0,3731,30,10,155.2,0.0,0.0,0.0,0.0,N
2014,blake bortles,Central Florida,QB,77.0,232,4.93,32.5,114.0,4.21,7.08,,585,891,65.7,7598,56,19,153.8,0.0,0.0,0.0,0.0,Y
2011,blaine gabbert,Missouri,QB,76.38,234,4.61,33.5,120.0,4.26,6.84,,568,933,60.9,6822,40,18,132.6,0.0,0.0,0.0,0.0,Y
2012,bj coleman,Tennessee-Chattanooga,QB,75.0,233,4.95,,109.0,4.38,7.07,,4,8,50.0,21,0,1,47.1,0.0,0.0,0.0,0.0,Y
2000,bill burke,Michigan State,QB,75.9,206,5.07,28.5,107.0,4.42,7.46,,416,766,54.3,5463,46,31,125.9,0.0,0.0,0.0,0.0,N
2008,bernard morris,Marshall (WV),QB,75.0,223,4.77,24.5,109.0,,,,483,803,60.1,5616,31,28,124.7,0.0,0.0,0.0,0.0,N
2004,ben roethlisberger,Miami (OH),QB,76.9,241,4.75,,,,,,854,1304,65.5,10829,84,34,151.3,0.0,1.0,1.0,0.0,Y
2006,barrick nealy,Texas State,QB,76.0,226,4.65,32.5,114.0,4.26,6.94,,45,84,53.6,542,3,4,110.0,0.0,0.0,0.0,0.0,N
2018,baker mayfield,Oklahoma,QB,73.0,215,4.84,29.0,111.0,4.28,7.0,,1026,1497,68.5,14607,131,30,175.4,1.0,1.0,1.0,1.0,Y
2012,austin davis,Southern Mississippi,QB,73.63,219,4.69,31.0,109.0,4.11,6.73,,933,1527,61.1,10892,83,27,135.4,0.0,0.0,0.0,0.0,N
2018,austin allen,Arkansas,QB,72.0,210,4.81,29.5,112.0,4.48,7.18,,359,607,59.1,5045,36,21,141.6,0.0,0.0,0.0,0.0,N
1999,anthony wright,South Carolina,QB,73.4,195,4.74,31.0,116.0,4.35,7.45,,432,796,54.3,5641,38,22,124.0,0.0,0.0,0.0,0.0,N
2008,anthony morelli,Penn State,QB,75.63,231,5.09,26.5,108.0,4.6,7.43,,460,821,56.0,5275,31,19,117.8,0.0,0.0,0.0,0.0,N
2015,anthony boone,Duke,QB,72.25,231,5.03,26.5,100.0,4.62,7.47,,540,923,58.5,5789,38,24,119.6,0.0,0.0,0.0,0.0,N
2011,andy dalton,Texas Christian,QB,74.0,215,4.83,29.5,106.0,4.27,6.93,,812,1317,61.7,10314,71,30,140.7,0.0,1.0,1.0,0.0,Y
2012,andrew luck,Stanford,QB,76.0,234,4.59,36.0,124.0,4.28,6.8,,713,1064,67.0,9430,82,22,162.8,0.0,1.0,1.0,0.0,Y
2005,alex smith,Utah,QB,76.13,217,4.78,32.0,113.0,3.96,6.82,,389,587,66.3,5203,47,8,164.4,0.0,1.0,1.0,0.0,Y
2005,alex smith,Utah,QB,76.13,217,4.78,32.0,113.0,3.96,6.82,,389,587,66.3,5203,47,8,164.4,0.0,1.0,1.0,0.0,Y
2008,alex brink,Washington State,QB,74.25,211,5.03,28.0,112.0,4.19,7.22,,848,1451,58.4,10913,76,43,133.0,0.0,0.0,0.0,0.0,Y
2017,alek torgersen,Pennsylvania,QB,75.0,230,,,,4.31,,,,,,,,,,0.0,0.0,0.0,0.0,N
1999,akili smith,Oregon,QB,74.8,227,4.7,34.0,111.0,4.29,6.99,,323,571,56.6,5148,45,15,153.1,0.0,1.0,1.0,0.0,Y
2014,aj mccarron,Alabama,QB,75.25,220,4.94,28.0,99.0,4.34,,,686,1026,66.9,9019,77,15,162.5,0.0,0.0,1.0,0.0,Y
2005,adrian mcpherson,Florida State,QB,75.5,218,4.73,34.5,128.0,4.08,6.93,,98,192,51.0,1215,14,1,127.2,0.0,0.0,0.0,0.0,Y
2008,adam tafralis,San Jose State,QB,73.13,221,4.85,32.0,108.0,4.33,7.14,,603,1027,58.7,7548,52,29,131.5,0.0,0.0,0.0,0.0,N
2005,aaron rodgers,California,QB,74.0,223,4.75,34.5,110.0,,7.38,,424,665,63.8,5469,43,13,150.3,0.0,0.0,0.0,0.0,Y
2012,aaron corp,Richmond (VA),QB,75.5,215,4.61,31.5,106.0,4.3,7.03,,19,30,63.3,169,1,1,115.0,0.0,0.0,0.0,0.0,N
1999,aaron brooks,Virginia,QB,75.5,203,4.59,35.5,118.0,4.29,7.52,,357,651,54.8,5118,33,24,130.2,0.0,0.0,0.0,0.0,Y
